model,protocol,fold,seed,git_commit,git_dirty,params,size_mb,train_time_s,epochs_run,best_epoch,threshold,val_f1,precision,recall,f1,pr_auc,roc_auc,balanced_accuracy,accuracy,tn,fp,fn,tp,event_recall,event_recall_localized,false_alarms_per_adl_video,false_alarms_per_hour
gru,cv,0,0,b05f48f3389869cb3df39e1d810d784b6a9f0111,False,19330,0.079997,122.16033954900013,28,18,0.9996067881584167,0.9152542372881356,1.0,0.4482758620689655,0.6190476190476191,0.8344293851553094,0.9045246163045645,0.7241379310344828,0.9207920792079208,173,0,16,13,0.8333333333333334,0.8333333333333334,0.0,0.0
gru,cv,0,1,b05f48f3389869cb3df39e1d810d784b6a9f0111,False,19330,0.079997,110.7282575239999,25,15,0.7162976861000061,0.9152542372881356,0.8148148148148148,0.7586206896551724,0.7857142857142857,0.8541511246821466,0.898943591787921,0.864859477775563,0.9405940594059405,168,5,7,22,1.0,1.0,0.5,269.1588785046729
gru,cv,0,2,b05f48f3389869cb3df39e1d810d784b6a9f0111,False,19330,0.079997,104.82551829399995,24,14,0.9364138841629028,0.9285714285714286,0.7692307692307693,0.6896551724137931,0.7272727272727274,0.801836302013605,0.8923659557504484,0.8274865457444689,0.9257425742574258,167,6,9,20,1.0,1.0,0.5,269.1588785046729
gru,cv,1,0,b05f48f3389869cb3df39e1d810d784b6a9f0111,False,19330,0.079997,68.93106340199984,19,9,0.20345421135425568,0.9393939393939394,0.45652173913043476,0.75,0.5675675675675675,0.6518647144464159,0.9063829787234042,0.8218085106382979,0.8783269961977186,210,25,7,21,1.0,1.0,0.75,330.6122448979592
gru,cv,1,1,b05f48f3389869cb3df39e1d810d784b6a9f0111,False,19330,0.079997,45.911928377000095,13,3,0.23496972024440765,0.8767123287671232,0.2857142857142857,0.7142857142857143,0.40816326530612246,0.6091224225224975,0.8539513677811551,0.7507598784194529,0.779467680608365,185,50,8,20,1.0,1.0,0.75,330.6122448979592
gru,cv,1,2,b05f48f3389869cb3df39e1d810d784b6a9f0111,False,19330,0.079997,52.80635852099999,15,5,0.9824839234352112,0.923076923076923,0.42424242424242425,0.5,0.4590163934426229,0.5749405642170267,0.8279635258358663,0.7095744680851064,0.8745247148288974,216,19,14,14,0.5,0.5,0.5,220.40816326530614
gru,cv,2,0,b05f48f3389869cb3df39e1d810d784b6a9f0111,False,19330,0.079997,74.42247099199994,19,9,0.21051551401615143,0.9642857142857143,0.6410256410256411,0.7575757575757576,0.6944444444444444,0.704771450181743,0.857084357084357,0.8472563472563472,0.9137254901960784,208,14,8,25,0.8333333333333334,0.8333333333333334,0.5,243.24324324324323
gru,cv,2,1,b05f48f3389869cb3df39e1d810d784b6a9f0111,False,19330,0.079997,71.44346621800014,18,8,0.08714677393436432,0.8928571428571429,0.5897435897435898,0.696969696969697,0.638888888888889,0.70990739974603,0.8524433524433525,0.8124488124488125,0.8980392156862745,206,16,10,23,0.8333333333333334,0.8333333333333334,0.75,364.86486486486484
gru,cv,2,2,b05f48f3389869cb3df39e1d810d784b6a9f0111,False,19330,0.079997,114.9701604259999,29,19,0.07723923027515411,0.9180327868852458,0.65,0.7878787878787878,0.7123287671232875,0.7685364174435306,0.9050641550641552,0.8624078624078624,0.9176470588235294,208,14,7,26,1.0,1.0,0.375,182.43243243243242
gru,cv,3,0,b05f48f3389869cb3df39e1d810d784b6a9f0111,False,19330,0.079997,58.40677296500007,14,4,0.7956681251525879,0.7368421052631579,0.42857142857142855,0.782608695652174,0.5538461538461539,0.6520467826251624,0.922046552481335,0.8306982872200264,0.8687782805429864,174,24,5,18,0.8333333333333334,0.8333333333333334,0.5,243.38028169014086
gru,cv,3,1,b05f48f3389869cb3df39e1d810d784b6a9f0111,False,19330,0.079997,117.39621031799993,29,19,0.17410190403461456,0.7000000000000001,0.3382352941176471,1.0,0.5054945054945055,0.620390991714932,0.9216073781291172,0.8863636363636364,0.7963800904977375,153,45,0,23,1.0,1.0,0.625,304.2253521126761
gru,cv,3,2,b05f48f3389869cb3df39e1d810d784b6a9f0111,False,19330,0.079997,101.83055746499986,25,15,0.9100741147994995,0.7796610169491526,0.37254901960784315,0.8260869565217391,0.5135135135135135,0.3857547602841782,0.9036012296881862,0.8322353974527887,0.8371040723981901,166,32,4,19,1.0,1.0,1.0,486.7605633802817
gru,cv,4,0,b05f48f3389869cb3df39e1d810d784b6a9f0111,False,19330,0.079997,109.1882813430002,29,19,0.8569052815437317,0.7407407407407407,0.9642857142857143,0.7941176470588235,0.8709677419354839,0.9649045399354462,0.9919050188882893,0.8947652455477604,0.9682539682539683,217,1,7,27,1.0,1.0,0.125,59.178082191780824
gru,cv,4,1,b05f48f3389869cb3df39e1d810d784b6a9f0111,False,19330,0.079997,52.57282271200006,14,4,0.6660210490226746,0.7659574468085106,0.9230769230769231,0.7058823529411765,0.8000000000000002,0.8739144139799728,0.9691041554236373,0.8483540205072855,0.9523809523809523,216,2,10,24,1.0,1.0,0.25,118.35616438356165
gru,cv,4,2,b05f48f3389869cb3df39e1d810d784b6a9f0111,False,19330,0.079997,111.69698557299989,30,20,0.7523420453071594,0.7796610169491525,0.75,0.7941176470588235,0.7714285714285715,0.9030450504912313,0.975580140313006,0.8764166216945494,0.9365079365079365,209,9,7,27,1.0,1.0,0.75,355.0684931506849
gru,fixed,0,0,b05f48f3389869cb3df39e1d810d784b6a9f0111,False,19330,0.079997,73.18026492199988,18,8,0.0317314937710762,0.6461538461538461,0.5909090909090909,0.8666666666666667,0.7027027027027029,0.9025360470572181,0.9736936936936937,0.8846846846846848,0.8976744186046511,167,18,4,26,1.0,1.0,0.5,265.03067484662574
gru,fixed,0,1,b05f48f3389869cb3df39e1d810d784b6a9f0111,False,19330,0.079997,65.5738460739999,16,6,0.05849489942193031,0.6349206349206349,0.52,0.8666666666666667,0.65,0.8480626656433107,0.9497297297297297,0.8684684684684685,0.8697674418604651,161,24,4,26,1.0,1.0,0.875,463.80368098159505
gru,fixed,0,2,b05f48f3389869cb3df39e1d810d784b6a9f0111,False,19330,0.079997,199.097597209,48,38,0.006562415044754744,0.5454545454545455,0.5208333333333334,0.8333333333333334,0.6410256410256411,0.7715774227679812,0.9037837837837838,0.8545045045045045,0.8697674418604651,162,23,5,25,1.0,1.0,0.875,463.80368098159505
lstm,cv,0,0,b05f48f3389869cb3df39e1d810d784b6a9f0111,False,25730,0.105597,40.537521695999885,29,19,0.9997794032096863,0.9310344827586207,0.6428571428571429,0.6206896551724138,0.6315789473684211,0.7685508849852635,0.8948574845525215,0.7814430934821607,0.8960396039603961,163,10,11,18,0.8333333333333334,0.8333333333333334,0.375,201.86915887850466
lstm,cv,0,1,b05f48f3389869cb3df39e1d810d784b6a9f0111,False,25730,0.105597,41.03851256799999,30,20,0.9011932015419006,0.9259259259259259,0.7857142857142857,0.7586206896551724,0.7719298245614034,0.8161145687540611,0.8923659557504483,0.8619693043651584,0.9356435643564357,167,6,7,22,1.0,1.0,0.375,201.86915887850466
lstm,cv,0,2,b05f48f3389869cb3df39e1d810d784b6a9f0111,False,25730,0.105597,20.79531881900016,15,5,0.895615816116333,0.8846153846153846,0.7222222222222222,0.4482758620689655,0.5531914893617021,0.6343020064721525,0.857683874825593,0.7096870639824596,0.8960396039603961,168,5,16,13,0.8333333333333334,0.8333333333333334,0.25,134.57943925233644
lstm,cv,1,0,b05f48f3389869cb3df39e1d810d784b6a9f0111,False,25730,0.105597,16.32941626799993,14,4,0.14990662038326263,0.9696969696969697,0.3877551020408163,0.6785714285714286,0.4935064935064935,0.4405885183045044,0.8384498480243161,0.7754559270516718,0.8517110266159695,205,30,9,19,1.0,1.0,0.75,330.6122448979592
lstm,cv,1,1,b05f48f3389869cb3df39e1d810d784b6a9f0111,False,25730,0.105597,21.962324829999943,19,9,0.9956551790237427,0.8695652173913043,0.4444444444444444,0.5714285714285714,0.5,0.38890973673510587,0.8550151975683892,0.743161094224924,0.8783269961977186,215,20,12,16,0.6666666666666666,0.6666666666666666,0.5,220.40816326530614
lstm,cv,1,2,b05f48f3389869cb3df39e1d810d784b6a9f0111,False,25730,0.105597,16.653017085999863,14,4,0.49019208550453186,0.8955223880597014,0.35555555555555557,0.5714285714285714,0.4383561643835616,0.40813559253466936,0.8641337386018237,0.7240121580547112,0.844106463878327,206,29,12,16,0.8333333333333334,0.8333333333333334,0.75,330.6122448979592
lstm,cv,2,0,b05f48f3389869cb3df39e1d810d784b6a9f0111,False,25730,0.105597,24.714758534999874,19,9,0.15115629136562347,0.851851851851852,0.6756756756756757,0.7575757575757576,0.7142857142857142,0.5531123231394349,0.8946218946218947,0.8517608517608517,0.9215686274509803,210,12,8,25,0.8333333333333334,0.8333333333333334,0.375,182.43243243243242
lstm,cv,2,1,b05f48f3389869cb3df39e1d810d784b6a9f0111,False,25730,0.105597,34.539927001000024,27,17,0.9545930027961731,0.851851851851852,0.6153846153846154,0.7272727272727273,0.6666666666666667,0.5743456312748698,0.8661616161616162,0.8298525798525799,0.9058823529411765,207,15,9,24,0.8333333333333334,0.8333333333333334,0.625,304.054054054054
lstm,cv,2,2,b05f48f3389869cb3df39e1d810d784b6a9f0111,False,25730,0.105597,38.002515625000115,30,20,0.7647885084152222,0.888888888888889,0.6410256410256411,0.7575757575757576,0.6944444444444444,0.5584435601094081,0.8875921375921376,0.8472563472563472,0.9137254901960784,208,14,8,25,0.8333333333333334,0.8333333333333334,0.25,121.62162162162161
lstm,cv,3,0,b05f48f3389869cb3df39e1d810d784b6a9f0111,False,25730,0.105597,20.621387959999993,16,6,0.2267199009656906,0.7142857142857142,0.2909090909090909,0.6956521739130435,0.41025641025641024,0.32589491586169356,0.8601229688186209,0.7493412384716732,0.7918552036199095,159,39,7,16,0.6666666666666666,0.6666666666666666,0.75,365.07042253521126
lstm,cv,3,1,b05f48f3389869cb3df39e1d810d784b6a9f0111,False,25730,0.105597,37.412046020999924,29,19,0.1412864327430725,0.7249999999999999,0.3508771929824561,0.8695652173913043,0.4999999999999999,0.6209189426125485,0.9183135704874836,0.8413482652613087,0.8190045248868778,161,37,3,20,1.0,1.0,0.875,425.9154929577465
lstm,cv,3,2,b05f48f3389869cb3df39e1d810d784b6a9f0111,False,25730,0.105597,29.0090943780001,22,12,0.9824095964431763,0.8059701492537312,0.3050847457627119,0.782608695652174,0.4390243902439025,0.5308872142584385,0.8893280632411067,0.7877689942907334,0.7918552036199095,157,41,5,18,0.8333333333333334,0.8333333333333334,0.75,365.07042253521126
lstm,cv,4,0,b05f48f3389869cb3df39e1d810d784b6a9f0111,False,25730,0.105597,17.60748900900012,15,5,0.9406967759132385,0.7058823529411765,0.78125,0.7352941176470589,0.7575757575757576,0.8917046541486101,0.9699136535348084,0.8515920129519698,0.9365079365079365,211,7,9,25,1.0,1.0,0.375,177.53424657534245
lstm,cv,4,1,b05f48f3389869cb3df39e1d810d784b6a9f0111,False,25730,0.105597,19.08417681500009,16,6,0.9834803938865662,0.7058823529411765,1.0,0.7352941176470589,0.8474576271186441,0.9255770817931388,0.9708580679978412,0.8676470588235294,0.9642857142857143,218,0,9,25,1.0,1.0,0.0,0.0
lstm,cv,4,2,b05f48f3389869cb3df39e1d810d784b6a9f0111,False,25730,0.105597,24.784624847000032,21,11,0.9990360736846924,0.6829268292682926,0.9047619047619048,0.5588235294117647,0.6909090909090908,0.8613238754795832,0.965866162978953,0.7748246087425796,0.9325396825396826,216,2,15,19,1.0,1.0,0.25,118.35616438356165
lstm,fixed,0,0,b05f48f3389869cb3df39e1d810d784b6a9f0111,False,25730,0.105597,18.14590407700007,13,3,0.03183140233159065,0.608695652173913,0.48214285714285715,0.9,0.627906976744186,0.8357585677937466,0.9526126126126127,0.8716216216216217,0.8511627906976744,156,29,3,27,1.0,1.0,1.0,530.0613496932515
lstm,fixed,0,1,b05f48f3389869cb3df39e1d810d784b6a9f0111,False,25730,0.105597,23.899714108000126,17,7,0.08530346304178238,0.7017543859649122,0.6571428571428571,0.7666666666666667,0.7076923076923077,0.8451129155286953,0.938918918918919,0.850900900900901,0.9116279069767442,173,12,7,23,1.0,1.0,0.375,198.7730061349693
lstm,fixed,0,2,b05f48f3389869cb3df39e1d810d784b6a9f0111,False,25730,0.105597,18.355448188000082,13,3,0.07904917746782303,0.6333333333333334,0.6153846153846154,0.8,0.6956521739130435,0.8432401046360368,0.9540540540540541,0.8594594594594596,0.9023255813953488,170,15,6,24,0.8333333333333334,0.8333333333333334,0.5,265.03067484662574
lstm_attention,cv,0,0,b05f48f3389869cb3df39e1d810d784b6a9f0111,False,29955,0.123429,72.47522975999982,34,24,0.0027674036100506783,0.9333333333333333,0.6060606060606061,0.6896551724137931,0.6451612903225807,0.7528510345301082,0.8756228822005183,0.8072553318716365,0.8910891089108911,160,13,9,20,1.0,1.0,0.875,471.02803738317755
lstm_attention,cv,0,1,b05f48f3389869cb3df39e1d810d784b6a9f0111,False,29955,0.123429,54.01634835899995,25,15,0.5784182548522949,0.8928571428571429,0.6666666666666666,0.6896551724137931,0.6779661016949153,0.7830483935455558,0.9019334263504086,0.8159258521028503,0.905940594059406,163,10,9,20,1.0,1.0,0.5,269.1588785046729
lstm_attention,cv,0,2,b05f48f3389869cb3df39e1d810d784b6a9f0111,False,29955,0.123429,88.76136716700012,40,30,0.9996554851531982,0.9090909090909091,0.7222222222222222,0.4482758620689655,0.5531914893617021,0.6933598173404741,0.877018138329679,0.7096870639824596,0.8960396039603961,168,5,16,13,0.6666666666666666,0.6666666666666666,0.25,134.57943925233644
lstm_attention,cv,1,0,b05f48f3389869cb3df39e1d810d784b6a9f0111,False,29955,0.123429,26.610550911000246,14,4,0.0754886344075203,0.955223880597015,0.3103448275862069,0.6428571428571429,0.4186046511627907,0.4220777617296878,0.8352583586626141,0.7363221884498481,0.8098859315589354,195,40,10,18,1.0,1.0,0.625,275.5102040816327
lstm_attention,cv,1,1,b05f48f3389869cb3df39e1d810d784b6a9f0111,False,29955,0.123429,25.407548812000186,13,3,0.7591108083724976,0.9393939393939394,0.3953488372093023,0.6071428571428571,0.4788732394366197,0.5294097901978653,0.8607902735562311,0.7482522796352583,0.8593155893536122,209,26,11,17,0.8333333333333334,0.8333333333333334,0.5,220.40816326530614
lstm_attention,cv,1,2,b05f48f3389869cb3df39e1d810d784b6a9f0111,False,29955,0.123429,45.34809330600001,24,14,0.08136928826570511,0.9275362318840579,0.44680851063829785,0.75,0.56,0.45283580307777593,0.9164893617021278,0.8196808510638298,0.8745247148288974,209,26,7,21,1.0,1.0,1.0,440.8163265306123
lstm_attention,cv,2,0,b05f48f3389869cb3df39e1d810d784b6a9f0111,False,29955,0.123429,31.072851950000313,15,5,0.9458191394805908,0.830188679245283,0.7272727272727273,0.7272727272727273,0.7272727272727273,0.566576938394347,0.9024024024024023,0.8433660933660934,0.9294117647058824,213,9,9,24,0.8333333333333334,0.8333333333333334,0.25,121.62162162162161
lstm_attention,cv,2,1,b05f48f3389869cb3df39e1d810d784b6a9f0111,False,29955,0.123429,31.060046401999898,15,5,0.3726077675819397,0.7999999999999999,0.5714285714285714,0.7272727272727273,0.64,0.6693233073729159,0.8828828828828829,0.8230958230958232,0.8941176470588236,204,18,9,24,0.8333333333333334,0.8333333333333334,0.625,304.054054054054
lstm_attention,cv,2,2,b05f48f3389869cb3df39e1d810d784b6a9f0111,False,29955,0.123429,39.82858917900012,19,9,0.12017989903688431,0.8275862068965517,0.6190476190476191,0.7878787878787878,0.6933333333333334,0.5443060183395299,0.8782418782418783,0.8579033579033579,0.9098039215686274,206,16,7,26,0.8333333333333334,0.8333333333333334,0.375,182.43243243243242
lstm_attention,cv,3,0,b05f48f3389869cb3df39e1d810d784b6a9f0111,False,29955,0.123429,55.99731413000018,26,16,0.5526575446128845,0.7042253521126761,0.32075471698113206,0.7391304347826086,0.4473684210526316,0.614440602875605,0.9050285463328942,0.7786561264822134,0.8099547511312217,162,36,6,17,0.8333333333333334,0.8333333333333334,1.125,547.6056338028169
lstm_attention,cv,3,1,b05f48f3389869cb3df39e1d810d784b6a9f0111,False,29955,0.123429,51.99069099399958,24,14,0.09638122469186783,0.763157894736842,0.328125,0.9130434782608695,0.4827586206896551,0.571494933745452,0.9094202898550725,0.8479358805445762,0.7963800904977375,155,43,2,21,1.0,1.0,1.25,608.4507042253522
lstm_attention,cv,3,2,b05f48f3389869cb3df39e1d810d784b6a9f0111,False,29955,0.123429,37.34710414000028,17,7,0.41801854968070984,0.823529411764706,0.328125,0.9130434782608695,0.4827586206896551,0.5034582976627036,0.89877031181379,0.8479358805445762,0.7963800904977375,155,43,2,21,1.0,1.0,0.875,425.9154929577465
lstm_attention,cv,4,0,b05f48f3389869cb3df39e1d810d784b6a9f0111,False,29955,0.123429,58.89955096099993,31,21,0.9999710321426392,0.782608695652174,1.0,0.4411764705882353,0.6122448979591837,0.9227287221204044,0.9693739881273611,0.7205882352941176,0.9246031746031746,218,0,19,15,1.0,1.0,0.0,0.0
lstm_attention,cv,4,1,b05f48f3389869cb3df39e1d810d784b6a9f0111,False,29955,0.123429,38.35269137500018,20,10,0.9933702945709229,0.76,0.9259259259259259,0.7352941176470589,0.819672131147541,0.9282838627689378,0.9774689692390718,0.8630599028602267,0.9563492063492064,216,2,9,25,1.0,1.0,0.125,59.178082191780824
lstm_attention,cv,4,2,b05f48f3389869cb3df39e1d810d784b6a9f0111,False,29955,0.123429,38.982225924999966,21,11,0.9985300302505493,0.72,0.8333333333333334,0.7352941176470589,0.78125,0.874289231878451,0.9654614139233675,0.8561791689152726,0.9444444444444444,213,5,9,25,1.0,1.0,0.25,118.35616438356165
lstm_attention,fixed,0,0,b05f48f3389869cb3df39e1d810d784b6a9f0111,False,29955,0.123429,26.750017741000192,13,3,0.03285243734717369,0.6197183098591549,0.4909090909090909,0.9,0.6352941176470589,0.8465124332035111,0.9540540540540541,0.8743243243243244,0.8558139534883721,157,28,3,27,1.0,1.0,0.75,397.5460122699386
lstm_attention,fixed,0,1,b05f48f3389869cb3df39e1d810d784b6a9f0111,False,29955,0.123429,60.259677497999746,29,19,0.0013089422136545181,0.5526315789473685,0.48148148148148145,0.8666666666666667,0.6190476190476191,0.7564227620030071,0.9302702702702703,0.8576576576576577,0.8511627906976744,157,28,4,26,1.0,1.0,1.0,530.0613496932515
lstm_attention,fixed,0,2,b05f48f3389869cb3df39e1d810d784b6a9f0111,False,29955,0.123429,27.021465289999924,13,3,0.03183339163661003,0.5866666666666667,0.5094339622641509,0.9,0.6506024096385542,0.8504856656734152,0.9477477477477478,0.8797297297297297,0.8651162790697674,159,26,3,27,1.0,1.0,1.125,596.319018404908
rule,cv,0,0,b05f48f3389869cb3df39e1d810d784b6a9f0111,False,0,0.0,0.029644794999967417,0,0,1.0,0.7924528301886793,0.6666666666666666,0.5517241379310345,0.6037735849056604,0.7163711749848567,0.8855889974088101,0.7527406816822803,0.8960396039603961,165,8,13,16,1.0,1.0,0.5,269.1588785046729
rule,cv,0,1,b05f48f3389869cb3df39e1d810d784b6a9f0111,False,0,0.0,0.029432834999852275,0,0,1.0,0.7924528301886793,0.6666666666666666,0.5517241379310345,0.6037735849056604,0.7163711749848567,0.8855889974088101,0.7527406816822803,0.8960396039603961,165,8,13,16,1.0,1.0,0.5,269.1588785046729
rule,cv,0,2,b05f48f3389869cb3df39e1d810d784b6a9f0111,False,0,0.0,0.0371207850000701,0,0,1.0,0.7924528301886793,0.6666666666666666,0.5517241379310345,0.6037735849056604,0.7163711749848567,0.8855889974088101,0.7527406816822803,0.8960396039603961,165,8,13,16,1.0,1.0,0.5,269.1588785046729
rule,cv,1,0,b05f48f3389869cb3df39e1d810d784b6a9f0111,False,0,0.0,0.04982525400009763,0,0,1.0,0.8275862068965517,0.9411764705882353,0.5714285714285714,0.7111111111111111,0.8419737036235673,0.9583586626139817,0.7835866261398177,0.9505703422053232,234,1,12,16,1.0,1.0,0.125,55.102040816326536
rule,cv,1,1,b05f48f3389869cb3df39e1d810d784b6a9f0111,False,0,0.0,0.036271926999916104,0,0,1.0,0.8275862068965517,0.9411764705882353,0.5714285714285714,0.7111111111111111,0.8419737036235673,0.9583586626139817,0.7835866261398177,0.9505703422053232,234,1,12,16,1.0,1.0,0.125,55.102040816326536
rule,cv,1,2,b05f48f3389869cb3df39e1d810d784b6a9f0111,False,0,0.0,0.03153601200006051,0,0,1.0,0.8275862068965517,0.9411764705882353,0.5714285714285714,0.7111111111111111,0.8419737036235673,0.9583586626139817,0.7835866261398177,0.9505703422053232,234,1,12,16,1.0,1.0,0.125,55.102040816326536
rule,cv,2,0,b05f48f3389869cb3df39e1d810d784b6a9f0111,False,0,0.0,0.0307953980000093,0,0,1.0,0.7407407407407408,0.6571428571428571,0.696969696969697,0.676470588235294,0.696943736537687,0.9032214032214032,0.8214578214578214,0.9137254901960784,210,12,10,23,1.0,1.0,0.375,182.43243243243242
rule,cv,2,1,b05f48f3389869cb3df39e1d810d784b6a9f0111,False,0,0.0,0.04447283000013158,0,0,1.0,0.7407407407407408,0.6571428571428571,0.696969696969697,0.676470588235294,0.696943736537687,0.9032214032214032,0.8214578214578214,0.9137254901960784,210,12,10,23,1.0,1.0,0.375,182.43243243243242
rule,cv,2,2,b05f48f3389869cb3df39e1d810d784b6a9f0111,False,0,0.0,0.035977732999981527,0,0,1.0,0.7407407407407408,0.6571428571428571,0.696969696969697,0.676470588235294,0.696943736537687,0.9032214032214032,0.8214578214578214,0.9137254901960784,210,12,10,23,1.0,1.0,0.375,182.43243243243242
rule,cv,3,0,b05f48f3389869cb3df39e1d810d784b6a9f0111,False,0,0.0,0.06616129300005014,0,0,1.0,0.6666666666666667,0.6428571428571429,0.782608695652174,0.7058823529411765,0.7909930348253527,0.9431269213877909,0.8660518225735617,0.9321266968325792,188,10,5,18,1.0,1.0,0.625,304.2253521126761
rule,cv,3,1,b05f48f3389869cb3df39e1d810d784b6a9f0111,False,0,0.0,0.04287205900004665,0,0,1.0,0.6666666666666667,0.6428571428571429,0.782608695652174,0.7058823529411765,0.7909930348253527,0.9431269213877909,0.8660518225735617,0.9321266968325792,188,10,5,18,1.0,1.0,0.625,304.2253521126761
rule,cv,3,2,b05f48f3389869cb3df39e1d810d784b6a9f0111,False,0,0.0,0.04358414700004687,0,0,1.0,0.6666666666666667,0.6428571428571429,0.782608695652174,0.7058823529411765,0.7909930348253527,0.9431269213877909,0.8660518225735617,0.9321266968325792,188,10,5,18,1.0,1.0,0.625,304.2253521126761
rule,cv,4,0,b05f48f3389869cb3df39e1d810d784b6a9f0111,False,0,0.0,0.03348805100017671,0,0,1.0,0.7450980392156864,0.9166666666666666,0.6470588235294118,0.7586206896551724,0.8379248538383858,0.9427954668105774,0.8189422558014032,0.9444444444444444,216,2,12,22,1.0,1.0,0.25,118.35616438356165
rule,cv,4,1,b05f48f3389869cb3df39e1d810d784b6a9f0111,False,0,0.0,0.05663317699986692,0,0,1.0,0.7450980392156864,0.9166666666666666,0.6470588235294118,0.7586206896551724,0.8379248538383858,0.9427954668105774,0.8189422558014032,0.9444444444444444,216,2,12,22,1.0,1.0,0.25,118.35616438356165
rule,cv,4,2,b05f48f3389869cb3df39e1d810d784b6a9f0111,False,0,0.0,0.04597302499996658,0,0,1.0,0.7450980392156864,0.9166666666666666,0.6470588235294118,0.7586206896551724,0.8379248538383858,0.9427954668105774,0.8189422558014032,0.9444444444444444,216,2,12,22,1.0,1.0,0.25,118.35616438356165
rule,fixed,0,0,b05f48f3389869cb3df39e1d810d784b6a9f0111,False,0,0.0,0.025944310999875597,0,0,1.0,0.7307692307692306,0.65,0.43333333333333335,0.5199999999999999,0.5973151198264021,0.8866666666666667,0.6977477477477478,0.8883720930232558,178,7,17,13,1.0,1.0,0.25,132.51533742331287
rule,fixed,0,1,b05f48f3389869cb3df39e1d810d784b6a9f0111,False,0,0.0,0.023310685000069498,0,0,1.0,0.7307692307692306,0.65,0.43333333333333335,0.5199999999999999,0.5973151198264021,0.8866666666666667,0.6977477477477478,0.8883720930232558,178,7,17,13,1.0,1.0,0.25,132.51533742331287
rule,fixed,0,2,b05f48f3389869cb3df39e1d810d784b6a9f0111,False,0,0.0,0.023058810000065932,0,0,1.0,0.7307692307692306,0.65,0.43333333333333335,0.5199999999999999,0.5973151198264021,0.8866666666666667,0.6977477477477478,0.8883720930232558,178,7,17,13,1.0,1.0,0.25,132.51533742331287
stgcn,cv,0,0,b05f48f3389869cb3df39e1d810d784b6a9f0111,False,62473,0.27192,810.93604925,40,30,0.7717599868774414,0.9454545454545454,0.7777777777777778,0.7241379310344828,0.75,0.8284471798806733,0.9182778552920071,0.8447279250548136,0.9306930693069307,167,6,8,21,1.0,1.0,0.375,201.86915887850466
stgcn,cv,0,1,b05f48f3389869cb3df39e1d810d784b6a9f0111,False,62473,0.27192,519.4278584849999,26,16,0.6257282495498657,0.896551724137931,0.7,0.7241379310344828,0.711864406779661,0.7068035528151961,0.9035280047837352,0.8360574048235998,0.9158415841584159,164,9,8,21,1.0,1.0,0.375,201.86915887850466
stgcn,cv,0,2,b05f48f3389869cb3df39e1d810d784b6a9f0111,False,62473,0.27192,700.3381683090001,35,25,0.6210938692092896,0.9090909090909091,0.9444444444444444,0.5862068965517241,0.7234042553191489,0.833833826611454,0.9152880207295195,0.7902132748654573,0.9356435643564357,172,1,12,17,1.0,1.0,0.125,67.28971962616822
stgcn,cv,1,0,b05f48f3389869cb3df39e1d810d784b6a9f0111,False,62473,0.27192,306.90162422899994,18,8,0.20015552639961243,0.8571428571428571,0.4878048780487805,0.7142857142857143,0.5797101449275363,0.6139814731452689,0.8425531914893616,0.8124620060790273,0.8897338403041825,214,21,8,20,1.0,1.0,0.625,275.5102040816327
stgcn,cv,1,1,b05f48f3389869cb3df39e1d810d784b6a9f0111,False,62473,0.27192,287.4348650410002,17,7,0.2950678765773773,0.8923076923076922,0.53125,0.6071428571428571,0.5666666666666667,0.5288096760163884,0.8696048632218845,0.7716565349544073,0.9011406844106464,220,15,11,17,0.8333333333333334,0.8333333333333334,0.75,330.6122448979592
stgcn,cv,1,2,b05f48f3389869cb3df39e1d810d784b6a9f0111,False,62473,0.27192,558.6905454580001,33,23,0.4381476938724518,0.90625,0.6071428571428571,0.6071428571428571,0.6071428571428571,0.6286138989469093,0.9275075987841945,0.7801671732522797,0.9163498098859315,224,11,11,17,0.8333333333333334,0.8333333333333334,0.625,275.5102040816327
stgcn,cv,2,0,b05f48f3389869cb3df39e1d810d784b6a9f0111,False,62473,0.27192,866.7766403850001,47,37,0.9987867474555969,0.8846153846153846,0.9047619047619048,0.5757575757575758,0.7037037037037038,0.7214409307626918,0.8892983892983892,0.7833742833742834,0.9372549019607843,220,2,14,19,0.8333333333333334,0.8333333333333334,0.125,60.81081081081081
stgcn,cv,2,1,b05f48f3389869cb3df39e1d810d784b6a9f0111,False,62473,0.27192,427.3712139479999,23,13,0.4512285888195038,0.787878787878788,0.6410256410256411,0.7575757575757576,0.6944444444444444,0.7885526683541682,0.8221403221403221,0.8472563472563472,0.9137254901960784,208,14,8,25,0.8333333333333334,0.8333333333333334,0.875,425.6756756756756
stgcn,cv,2,2,b05f48f3389869cb3df39e1d810d784b6a9f0111,False,62473,0.27192,552.6510631920005,30,20,0.17704273760318756,0.8852459016393444,0.8064516129032258,0.7575757575757576,0.7812499999999999,0.7898930553974218,0.853808353808354,0.8652743652743653,0.9450980392156862,216,6,8,25,0.8333333333333334,0.8333333333333334,0.5,243.24324324324323
stgcn,cv,3,0,b05f48f3389869cb3df39e1d810d784b6a9f0111,False,62473,0.27192,516.098258382,27,17,0.8456447124481201,0.8421052631578947,0.5882352941176471,0.8695652173913043,0.7017543859649124,0.8965229251393905,0.9554238032498901,0.8994290733421169,0.9230769230769231,184,14,3,20,1.0,1.0,0.75,365.07042253521126
stgcn,cv,3,1,b05f48f3389869cb3df39e1d810d784b6a9f0111,False,62473,0.27192,553.1013757259998,29,19,0.963678777217865,0.7719298245614036,0.5806451612903226,0.782608695652174,0.6666666666666667,0.8238097803060896,0.922266139657444,0.8584760649978042,0.918552036199095,185,13,5,18,1.0,1.0,1.0,486.7605633802817
stgcn,cv,3,2,b05f48f3389869cb3df39e1d810d784b6a9f0111,False,62473,0.27192,361.50459053099985,19,9,0.9231308102607727,0.7777777777777777,0.5,0.782608695652174,0.6101694915254238,0.8012403018249941,0.9117259552042161,0.8458498023715415,0.8959276018099548,180,18,5,18,1.0,1.0,0.75,365.07042253521126
stgcn,cv,4,0,b05f48f3389869cb3df39e1d810d784b6a9f0111,False,62473,0.27192,605.5404973340001,34,24,0.9958381652832031,0.7441860465116279,1.0,0.5588235294117647,0.7169811320754718,0.9079466940333107,0.9793577981651376,0.7794117647058824,0.9404761904761905,218,0,15,19,1.0,1.0,0.0,0.0
stgcn,cv,4,1,b05f48f3389869cb3df39e1d810d784b6a9f0111,False,62473,0.27192,356.7323312939998,20,10,0.966331422328949,0.76,0.9523809523809523,0.5882352941176471,0.7272727272727274,0.8722598554868595,0.9647868321640583,0.7918240690771722,0.9404761904761905,217,1,14,20,1.0,1.0,0.125,59.178082191780824
stgcn,cv,4,2,b05f48f3389869cb3df39e1d810d784b6a9f0111,False,62473,0.27192,541.5848910940003,31,21,0.2703854739665985,0.782608695652174,0.6666666666666666,0.7058823529411765,0.6857142857142857,0.8187954721358259,0.957231516459795,0.8254182406907717,0.9126984126984127,206,12,10,24,1.0,1.0,0.625,295.8904109589041
stgcn,fixed,0,0,b05f48f3389869cb3df39e1d810d784b6a9f0111,False,62473,0.27192,366.8978981279997,19,9,0.6231773495674133,0.7307692307692306,0.7857142857142857,0.7333333333333333,0.7586206896551724,0.872797040948739,0.9499099099099099,0.8504504504504504,0.9348837209302325,179,6,8,22,1.0,1.0,0.25,132.51533742331287
stgcn,fixed,0,1,b05f48f3389869cb3df39e1d810d784b6a9f0111,False,62473,0.27192,419.9300712510003,22,12,0.5601961612701416,0.7916666666666666,0.8620689655172413,0.8333333333333334,0.847457627118644,0.9247421357272615,0.9855855855855856,0.9058558558558558,0.958139534883721,181,4,5,25,1.0,1.0,0.25,132.51533742331287
stgcn,fixed,0,2,b05f48f3389869cb3df39e1d810d784b6a9f0111,False,62473,0.27192,657.0033535760003,34,24,0.17849086225032806,0.7924528301886792,0.7631578947368421,0.9666666666666667,0.8529411764705883,0.9472772703957353,0.9902702702702701,0.9590090090090091,0.9534883720930233,176,9,1,29,1.0,1.0,0.375,198.7730061349693
tcn,cv,0,0,b05f48f3389869cb3df39e1d810d784b6a9f0111,False,27986,0.122295,55.347928881999906,21,11,0.22207070887088776,0.9152542372881356,0.85,0.5862068965517241,0.6938775510204082,0.8170528849986606,0.9517640023918676,0.7844329280446481,0.9257425742574258,170,3,12,17,0.8333333333333334,0.8333333333333334,0.125,67.28971962616822
tcn,cv,0,1,b05f48f3389869cb3df39e1d810d784b6a9f0111,False,27986,0.122295,122.51607866599988,46,36,0.9756209850311279,0.9642857142857143,0.7777777777777778,0.4827586206896552,0.5957446808510638,0.738945852728508,0.9328283834961132,0.7298186167032091,0.905940594059406,169,4,15,14,0.8333333333333334,0.8333333333333334,0.125,67.28971962616822
tcn,cv,0,2,b05f48f3389869cb3df39e1d810d784b6a9f0111,False,27986,0.122295,85.46314319400017,32,22,0.21257196366786957,0.9666666666666666,0.75,0.5172413793103449,0.6122448979591838,0.6886326563675114,0.9537572254335259,0.7441698226031492,0.905940594059406,168,5,14,15,0.8333333333333334,0.8333333333333334,0.125,67.28971962616822
tcn,cv,1,0,b05f48f3389869cb3df39e1d810d784b6a9f0111,False,27986,0.122295,42.52549966400011,19,9,0.8666911125183105,0.9538461538461539,0.5454545454545454,0.6428571428571429,0.5901639344262296,0.7479603179109089,0.9455927051671732,0.7895136778115501,0.9049429657794676,220,15,10,18,1.0,1.0,0.625,275.5102040816327
tcn,cv,1,1,b05f48f3389869cb3df39e1d810d784b6a9f0111,False,27986,0.122295,69.89766774200007,31,21,0.9341228604316711,0.9253731343283583,0.6388888888888888,0.8214285714285714,0.7187499999999999,0.8076209430648521,0.9711246200607904,0.8830547112462006,0.9315589353612167,222,13,5,23,1.0,1.0,0.375,165.3061224489796
tcn,cv,1,2,b05f48f3389869cb3df39e1d810d784b6a9f0111,False,27986,0.122295,35.00068101399984,15,5,0.39282581210136414,0.9375,0.4722222222222222,0.6071428571428571,0.53125,0.6292331671533753,0.9267477203647417,0.763145896656535,0.8859315589353612,216,19,11,17,0.8333333333333334,0.8333333333333334,0.75,330.6122448979592
tcn,cv,2,0,b05f48f3389869cb3df39e1d810d784b6a9f0111,False,27986,0.122295,56.82792228799963,23,13,0.8519394993782043,0.9259259259259259,0.75,0.7272727272727273,0.7384615384615384,0.6349681666449577,0.9575484575484575,0.8456183456183457,0.9333333333333333,214,8,9,24,1.0,1.0,0.125,60.81081081081081
tcn,cv,2,1,b05f48f3389869cb3df39e1d810d784b6a9f0111,False,27986,0.122295,47.02284619300008,19,9,0.48203620314598083,0.9285714285714286,0.75,0.7272727272727273,0.7384615384615384,0.7674023068812397,0.9672399672399672,0.8456183456183457,0.9333333333333333,214,8,9,24,0.8333333333333334,0.8333333333333334,0.25,121.62162162162161
tcn,cv,2,2,b05f48f3389869cb3df39e1d810d784b6a9f0111,False,27986,0.122295,78.39740819500003,32,22,0.07761573046445847,0.9491525423728815,0.7209302325581395,0.9393939393939394,0.8157894736842105,0.7261413287890629,0.9722904722904723,0.9426699426699428,0.9450980392156862,210,12,2,31,1.0,1.0,0.125,60.81081081081081
tcn,cv,3,0,b05f48f3389869cb3df39e1d810d784b6a9f0111,False,27986,0.122295,61.1156359040001,24,14,0.8350138664245605,0.8620689655172414,0.5121951219512195,0.9130434782608695,0.6562499999999999,0.5419767196944341,0.9459815546772069,0.9060166886253842,0.9004524886877828,178,20,2,21,1.0,1.0,0.375,182.53521126760563
tcn,cv,3,1,b05f48f3389869cb3df39e1d810d784b6a9f0111,False,27986,0.122295,69.0187418380001,27,17,0.03882231190800667,0.8656716417910448,0.4489795918367347,0.9565217391304348,0.6111111111111112,0.5959728528144975,0.9591567852437417,0.9100790513833992,0.8733031674208145,171,27,1,22,1.0,1.0,0.5,243.38028169014086
tcn,cv,3,2,b05f48f3389869cb3df39e1d810d784b6a9f0111,False,27986,0.122295,53.20012524200001,21,11,0.4077101945877075,0.8666666666666666,0.39622641509433965,0.9130434782608695,0.5526315789473684,0.37764224157835113,0.909310496267018,0.8757136583223539,0.8461538461538461,166,32,2,21,1.0,1.0,0.625,304.2253521126761
tcn,cv,4,0,b05f48f3389869cb3df39e1d810d784b6a9f0111,False,27986,0.122295,87.40407975300013,37,27,0.9935262203216553,0.7272727272727272,0.92,0.6764705882352942,0.7796610169491526,0.8684832235887077,0.9749055585536966,0.8336481381543444,0.9484126984126984,216,2,11,23,1.0,1.0,0.125,59.178082191780824
tcn,cv,4,1,b05f48f3389869cb3df39e1d810d784b6a9f0111,False,27986,0.122295,70.84389161399986,30,20,0.9978544116020203,0.8260869565217391,1.0,0.7352941176470589,0.8474576271186441,0.9442911256250716,0.9820561252023744,0.8676470588235294,0.9642857142857143,218,0,9,25,1.0,1.0,0.0,0.0
tcn,cv,4,2,b05f48f3389869cb3df39e1d810d784b6a9f0111,False,27986,0.122295,68.65918479999982,29,19,0.3619054853916168,0.8363636363636364,0.875,0.8235294117647058,0.8484848484848485,0.9224405629293424,0.9749055585536966,0.9025903939557474,0.9603174603174603,214,4,6,28,1.0,1.0,0.25,118.35616438356165
tcn,fixed,0,0,b05f48f3389869cb3df39e1d810d784b6a9f0111,False,27986,0.122295,94.59857634900027,38,28,0.05196944996714592,0.7857142857142856,0.9642857142857143,0.9,0.9310344827586207,0.9794107988022794,0.9949549549549549,0.9472972972972973,0.9813953488372092,184,1,3,27,1.0,1.0,0.125,66.25766871165644
tcn,fixed,0,1,b05f48f3389869cb3df39e1d810d784b6a9f0111,False,27986,0.122295,104.56105497499993,42,32,0.05098035931587219,0.7636363636363636,0.7297297297297297,0.9,0.8059701492537312,0.9504819976771196,0.9843243243243243,0.922972972972973,0.9395348837209302,175,10,3,27,1.0,1.0,0.375,198.7730061349693
tcn,fixed,0,2,b05f48f3389869cb3df39e1d810d784b6a9f0111,False,27986,0.122295,35.282035779000125,14,4,0.16586269438266754,0.6774193548387097,0.75,0.9,0.8181818181818182,0.8781154660331901,0.9729729729729729,0.9256756756756757,0.9441860465116279,176,9,3,27,1.0,1.0,0.125,66.25766871165644
